{"kind":"APIResourceList","apiVersion":"v1","groupVersion":"monitoring.coreos.com/v1","resources":[{"name":"alertmanagers","singularName":"alertmanager","namespaced":true,"group":"monitoring.coreos.com","version":"v1","kind":"Alertmanager","verbs":["delete","deletecollection","get","list","patch","create","update","watch"],"shortNames":["am"],"categories":["prometheus-operator"]},{"name":"alertmanagers/status","singularName":"alertmanager","namespaced":true,"group":"monitoring.coreos.com","version":"v1","kind":"Alertmanager","verbs":["get","patch","update"]},{"name":"alertmanagers/scale","singularName":"alertmanager","namespaced":true,"group":"autoscaling","version":"v1","kind":"Scale","verbs":["get","patch","update"]},{"name":"podmonitors","singularName":"podmonitor","namespaced":true,"group":"monitoring.coreos.com","version":"v1","kind":"PodMonitor","verbs":["delete","deletecollection","get","list","patch","create","update","watch"],"shortNames":["pmon"],"categories":["prometheus-operator"]},{"name":"probes","singularName":"probe","namespaced":true,"group":"monitoring.coreos.com","version":"v1","kind":"Probe","verbs":["delete","deletecollection","get","list","patch","create","update","watch"],"shortNames":["prb"],"categories":["prometheus-operator"]},{"name":"prometheuses","singularName":"prometheus","namespaced":true,"group":"monitoring.coreos.com","version":"v1","kind":"Prometheus","verbs":["delete","deletecollection","get","list","patch","create","update","watch"],"shortNames":["prom"],"categories":["prometheus-operator"]},{"name":"prometheuses/status","singularName":"prometheus","namespaced":true,"group":"monitoring.coreos.com","version":"v1","kind":"Prometheus","verbs":["get","patch","update"]},{"name":"prometheuses/scale","singularName":"prometheus","namespaced":true,"group":"autoscaling","version":"v1","kind":"Scale","verbs":["get","patch","update"]},{"name":"prometheusrules","singularName":"prometheusrule","namespaced":true,"group":"monitoring.coreos.com","version":"v1","kind":"PrometheusRule","verbs":["delete","deletecollection","get","list","patch","create","update","watch"],"shortNames":["promrule"],"categories":["prometheus-operator"]},{"name":"servicemonitors","singularName":"servicemonitor","namespaced":true,"group":"monitoring.coreos.com","version":"v1","kind":"ServiceMonitor","verbs":["delete","deletecollection","get","list","patch","create","update","watch"],"shortNames":["smon"],"categories":["prometheus-operator"]},{"name":"thanosrulers","singularName":"thanosruler","namespaced":true,"group":"monitoring.coreos.com","version":"v1","kind":"ThanosRuler","verbs":["delete","deletecollection","get","list","patch","create","update","watch"],"shortNames":["ruler"],"categories":["prometheus-operator"]},{"name":"thanosrulers/status","singularName":"thanosruler","namespaced":true,"group":"monitoring.coreos.com","version":"v1","kind":"ThanosRuler","verbs":["get","patch","update"]}]}
