{"kind":"APIResourceList","apiVersion":"v1","groupVersion":"operator.tigera.io/v1","resources":[{"name":"apiservers","singularName":"apiserver","namespaced":false,"group":"operator.tigera.io","version":"v1","kind":"APIServer","verbs":["delete","deletecollection","get","list","patch","create","update","watch"]},{"name":"apiservers/status","singularName":"apiserver","namespaced":false,"group":"operator.tigera.io","version":"v1","kind":"APIServer","verbs":["get","patch","update"]},{"name":"imagesets","singularName":"imageset","namespaced":false,"group":"operator.tigera.io","version":"v1","kind":"ImageSet","verbs":["delete","deletecollection","get","list","patch","create","update","watch"]},{"name":"imagesets/status","singularName":"imageset","namespaced":false,"group":"operator.tigera.io","version":"v1","kind":"ImageSet","verbs":["get","patch","update"]},{"name":"installations","singularName":"installation","namespaced":false,"group":"operator.tigera.io","version":"v1","kind":"Installation","verbs":["delete","deletecollection","get","list","patch","create","update","watch"]},{"name":"installations/status","singularName":"installation","namespaced":false,"group":"operator.tigera.io","version":"v1","kind":"Installation","verbs":["get","patch","update"]},{"name":"tigerastatuses","singularName":"tigerastatus","namespaced":false,"group":"operator.tigera.io","version":"v1","kind":"TigeraStatus","verbs":["delete","deletecollection","get","list","patch","create","update","watch"]},{"name":"tigerastatuses/status","singularName":"tigerastatus","namespaced":false,"group":"operator.tigera.io","version":"v1","kind":"TigeraStatus","verbs":["get","patch","update"]}]}
