{"kind":"APIResourceList","apiVersion":"v1","groupVersion":"crd.projectcalico.org/v1","resources":[{"name":"bgpconfigurations","singularName":"bgpconfiguration","namespaced":false,"group":"crd.projectcalico.org","version":"v1","kind":"BGPConfiguration","verbs":["delete","deletecollection","get","list","patch","create","update","watch"]},{"name":"bgpfilters","singularName":"bgpfilter","namespaced":false,"group":"crd.projectcalico.org","version":"v1","kind":"BGPFilter","verbs":["delete","deletecollection","get","list","patch","create","update","watch"]},{"name":"bgppeers","singularName":"bgppeer","namespaced":false,"group":"crd.projectcalico.org","version":"v1","kind":"BGPPeer","verbs":["delete","deletecollection","get","list","patch","create","update","watch"]},{"name":"blockaffinities","singularName":"blockaffinity","namespaced":false,"group":"crd.projectcalico.org","version":"v1","kind":"BlockAffinity","verbs":["delete","deletecollection","get","list","patch","create","update","watch"]},{"name":"caliconodestatuses","singularName":"caliconodestatus","namespaced":false,"group":"crd.projectcalico.org","version":"v1","kind":"CalicoNodeStatus","verbs":["delete","deletecollection","get","list","patch","create","update","watch"]},{"name":"clusterinformations","singularName":"clusterinformation","namespaced":false,"group":"crd.projectcalico.org","version":"v1","kind":"ClusterInformation","verbs":["delete","deletecollection","get","list","patch","create","update","watch"]},{"name":"felixconfigurations","singularName":"felixconfiguration","namespaced":false,"group":"crd.projectcalico.org","version":"v1","kind":"FelixConfiguration","verbs":["delete","deletecollection","get","list","patch","create","update","watch"]},{"name":"globalnetworkpolicies","singularName":"globalnetworkpolicy","namespaced":false,"group":"crd.projectcalico.org","version":"v1","kind":"GlobalNetworkPolicy","verbs":["delete","deletecollection","get","list","patch","create","update","watch"]},{"name":"globalnetworksets","singularName":"globalnetworkset","namespaced":false,"group":"crd.projectcalico.org","version":"v1","kind":"GlobalNetworkSet","verbs":["delete","deletecollection","get","list","patch","create","update","watch"]},{"name":"hostendpoints","singularName":"hostendpoint","namespaced":false,"group":"crd.projectcalico.org","version":"v1","kind":"HostEndpoint","verbs":["delete","deletecollection","get","list","patch","create","update","watch"]},{"name":"ipamblocks","singularName":"ipamblock","namespaced":false,"group":"crd.projectcalico.org","version":"v1","kind":"IPAMBlock","verbs":["delete","deletecollection","get","list","patch","create","update","watch"]},{"name":"ipamconfigs","singularName":"ipamconfig","namespaced":false,"group":"crd.projectcalico.org","version":"v1","kind":"IPAMConfig","verbs":["delete","deletecollection","get","list","patch","create","update","watch"]},{"name":"ipamhandles","singularName":"ipamhandle","namespaced":false,"group":"crd.projectcalico.org","version":"v1","kind":"IPAMHandle","verbs":["delete","deletecollection","get","list","patch","create","update","watch"]},{"name":"ippools","singularName":"ippool","namespaced":false,"group":"crd.projectcalico.org","version":"v1","kind":"IPPool","verbs":["delete","deletecollection","get","list","patch","create","update","watch"]},{"name":"ipreservations","singularName":"ipreservation","namespaced":false,"group":"crd.projectcalico.org","version":"v1","kind":"IPReservation","verbs":["delete","deletecollection","get","list","patch","create","update","watch"]},{"name":"kubecontrollersconfigurations","singularName":"kubecontrollersconfiguration","namespaced":false,"group":"crd.projectcalico.org","version":"v1","kind":"KubeControllersConfiguration","verbs":["delete","deletecollection","get","list","patch","create","update","watch"]},{"name":"networkpolicies","singularName":"networkpolicy","namespaced":true,"group":"crd.projectcalico.org","version":"v1","kind":"NetworkPolicy","verbs":["delete","deletecollection","get","list","patch","create","update","watch"]},{"name":"networksets","singularName":"networkset","namespaced":true,"group":"crd.projectcalico.org","version":"v1","kind":"NetworkSet","verbs":["delete","deletecollection","get","list","patch","create","update","watch"]}]}
