{"kind":"APIResourceList","apiVersion":"v1","groupVersion":"networking.k8s.io/v1","resources":[{"name":"ingressclasses","singularName":"ingressclass","namespaced":false,"kind":"IngressClass","verbs":["create","delete","deletecollection","get","list","patch","update","watch"]},{"name":"ingresses","singularName":"ingress","namespaced":true,"kind":"Ingress","verbs":["create","delete","deletecollection","get","list","patch","update","watch"],"shortNames":["ing"]},{"name":"ingresses/status","singularName":"ingress","namespaced":true,"kind":"Ingress","verbs":["get","patch","update"]},{"name":"networkpolicies","singularName":"networkpolicy","namespaced":true,"kind":"NetworkPolicy","verbs":["create","delete","deletecollection","get","list","patch","update","watch"],"shortNames":["netpol"]}]}
