{"kind":"APIResourceList","apiVersion":"v1","groupVersion":"monitoring.coreos.com/v1alpha1","resources":[{"name":"alertmanagerconfigs","singularName":"alertmanagerconfig","namespaced":true,"group":"monitoring.coreos.com","version":"v1alpha1","kind":"AlertmanagerConfig","verbs":["delete","deletecollection","get","list","patch","create","update","watch"],"shortNames":["amcfg"],"categories":["prometheus-operator"]},{"name":"prometheusagents","singularName":"prometheusagent","namespaced":true,"group":"monitoring.coreos.com","version":"v1alpha1","kind":"PrometheusAgent","verbs":["delete","deletecollection","get","list","patch","create","update","watch"],"shortNames":["promagent"],"categories":["prometheus-operator"]},{"name":"prometheusagents/status","singularName":"prometheusagent","namespaced":true,"group":"monitoring.coreos.com","version":"v1alpha1","kind":"PrometheusAgent","verbs":["get","patch","update"]},{"name":"prometheusagents/scale","singularName":"prometheusagent","namespaced":true,"group":"autoscaling","version":"v1","kind":"Scale","verbs":["get","patch","update"]},{"name":"scrapeconfigs","singularName":"scrapeconfig","namespaced":true,"group":"monitoring.coreos.com","version":"v1alpha1","kind":"ScrapeConfig","verbs":["delete","deletecollection","get","list","patch","create","update","watch"],"shortNames":["scfg"],"categories":["prometheus-operator"]}]}
